,observation_timestamp_utc,event_date,ingested_at,source,dataset,country_code,country,bidding_zone,technology,cluster_name,response_lat,response_lon,temperature_2m,relative_humidity_2m,precipitation,surface_pressure,cloud_cover,shortwave_radiation,direct_radiation,diffuse_radiation,global_tilted_irradiance,wind_speed_100m,wind_direction_100m,wind_gusts_10m
0,2026-04-10 19:00:00+00:00,2026-04-10,2026-04-10 19:08:55.814590+00:00,open-meteo,current,DE,Germany,DE-LU,wind-onshore,Reussenkoege Wind Farm,54.52000045776367,8.479999542236328,6.702000141143799,86.0,0.0,1018.2999877929688,,,,,,20.620805740356445,253.7797393798828,21.959999084472656
1,2026-04-10 19:00:00+00:00,2026-04-10,2026-04-10 19:08:55.814590+00:00,open-meteo,current,PT,Portugal,PT,solar,Amareleja Solar Park,38.1875,-7.1875,18.273500442504883,82.0,0.0,990.2799072265625,100.0,7.0,3.0,4.0,0.0,,,
2,2026-04-10 19:00:00+00:00,2026-04-10,2026-04-10 19:08:55.814590+00:00,open-meteo,current,CZ,Czechia,CZ,solar,FVE Ralsko Solar Farm,50.599998474121094,14.899999618530273,2.1565001010894775,90.0,0.0,978.143798828125,96.0,0.0,0.0,0.0,0.0,,,
3,2026-04-10 19:00:00+00:00,2026-04-10,2026-04-10 19:08:55.814590+00:00,open-meteo,current,AT,Austria,AT,wind-onshore,Pretul Wind Farm,47.560001373291016,15.759998321533203,-0.15299999713897705,100.0,0.0,833.5333251953125,,,,,,9.983105659484863,334.3590393066406,83.52000427246094
4,2026-04-10 19:00:00+00:00,2026-04-10,2026-04-10 19:08:55.814590+00:00,open-meteo,current,BE,Belgium,BE,wind-offshore,Northwester 2,51.68199920654297,2.754999876022339,8.800000190734863,70.0,0.0,1016.2999877929688,,,,,,22.319997787475586,114.0,25.19999885559082
5,2026-04-10 19:00:00+00:00,2026-04-10,2026-04-10 19:08:55.814590+00:00,open-meteo,current,IT,Italy,IT-Sardinia,solar,Guspini Solar Farm,39.625,8.625,14.645500183105469,76.0,0.0,1011.3885498046875,0.0,0.0,0.0,0.0,0.0,,,
6,2026-04-10 19:00:00+00:00,2026-04-10,2026-04-10 19:08:55.814590+00:00,open-meteo,current,IT,Italy,IT-Sicily,solar,Fenix Solar Farm,37.5625,14.8125,16.390499114990234,49.0,0.0,989.216552734375,0.0,0.0,0.0,0.0,0.0,,,
7,2026-04-10 19:00:00+00:00,2026-04-10,2026-04-10 19:08:55.814590+00:00,open-meteo,current,IT,Italy,IT-South,solar,Troia Solar Farm,41.375,15.375,12.518500328063965,93.0,0.0,979.270751953125,49.0,0.0,0.0,0.0,0.0,,,
8,2026-04-10 19:00:00+00:00,2026-04-10,2026-04-10 19:08:55.814590+00:00,open-meteo,current,IT,Italy,IT-Centre-South,solar,Italy Solar Farm 1,42.1875,12.0625,12.249500274658203,92.0,0.0,974.1878662109375,0.0,0.0,0.0,0.0,0.0,,,
9,2026-04-10 19:00:00+00:00,2026-04-10,2026-04-10 19:08:55.814590+00:00,open-meteo,current,IT,Italy,IT-Centre-North,solar,Montalto di Castro Solar Farm,42.375,11.625,15.019499778747559,90.0,0.0,1011.1581420898438,18.0,0.0,0.0,0.0,0.0,,,
10,2026-04-10 19:00:00+00:00,2026-04-10,2026-04-10 19:08:55.814590+00:00,open-meteo,current,RO,Romania,RO,wind-onshore,Fantanele-Cogealac Wind Farm,44.625,28.5625,3.807999849319458,84.0,0.0,1004.8119506835938,,,,,,3.7064266204833984,299.05450439453125,7.559999465942383
11,2026-04-10 19:00:00+00:00,2026-04-10,2026-04-10 19:08:55.814590+00:00,open-meteo,current,IT,Italy,IT-North,solar,Rovigo Photovoltaic Power Plant,45.040000915527344,11.579999923706055,14.238999366760254,61.0,0.0,1014.6173706054688,98.0,0.0,0.0,0.0,0.0,,,
12,2026-04-10 19:00:00+00:00,2026-04-10,2026-04-10 19:08:55.814590+00:00,open-meteo,current,FR,France,FR,solar,Cestas Solar Park,44.72999954223633,-0.8100004196166992,19.26300048828125,69.0,0.0,1004.5137329101562,99.0,0.0,0.0,0.0,0.0,,,
13,2026-04-10 19:00:00+00:00,2026-04-10,2026-04-10 19:08:55.814590+00:00,open-meteo,current,ES,Spain,ES,solar,Francisco Pizarro Solar Farm,39.5625,-5.6875,21.043498992919922,49.0,0.0,950.9451904296875,64.0,1.0,0.0,1.0,0.0,,,
14,2026-04-10 19:00:00+00:00,2026-04-10,2026-04-10 19:08:55.814590+00:00,open-meteo,current,SE,Sweden,SE4,wind-offshore,Lillgrund Wind Farm,55.51355743408203,12.80218505859375,6.0,77.0,0.0,1018.5999755859375,,,,,,26.457550048828125,149.77169799804688,36.71999740600586
15,2026-04-10 19:00:00+00:00,2026-04-10,2026-04-10 19:08:55.814590+00:00,open-meteo,current,SE,Sweden,SE3,wind-offshore,Vanern Wind Farm,59.25734329223633,13.394241333007812,5.05649995803833,70.0,0.0,1013.73583984375,,,,,,47.172706604003906,116.27166748046875,34.560001373291016
16,2026-04-10 19:00:00+00:00,2026-04-10,2026-04-10 19:08:55.814590+00:00,open-meteo,current,SE,Sweden,SE2,wind-onshore,Blaiken Wind Farm,65.28316497802734,17.2042236328125,-1.4700000286102295,73.0,0.0,941.1918334960938,,,,,,24.482646942138672,179.15750122070312,28.799999237060547
17,2026-04-10 19:00:00+00:00,2026-04-10,2026-04-10 19:08:55.814590+00:00,open-meteo,current,SE,Sweden,SE1,wind-onshore,Markbygden Wind Farm,65.35347747802734,20.988861083984375,1.3220000267028809,70.0,0.0,1001.2181396484375,,,,,,28.576948165893555,206.5649871826172,17.280000686645508
18,2026-04-10 19:00:00+00:00,2026-04-10,2026-04-10 19:08:55.814590+00:00,open-meteo,current,DK,Denmark,DK2,wind-offshore,Kriegers Flak,55.034332275390625,12.939697265625,5.300000190734863,82.0,0.0,1018.7000122070312,,,,,,18.29458999633789,166.92086791992188,29.15999984741211
19,2026-04-10 19:00:00+00:00,2026-04-10,2026-04-10 19:08:55.814590+00:00,open-meteo,current,DK,Denmark,DK1,wind-offshore,Horns Rev 3,55.702640533447266,7.69091796875,6.25,91.0,0.0,1016.9000244140625,,,,,,18.183563232421875,248.5144805908203,19.440000534057617
20,2026-04-10 19:00:00+00:00,2026-04-10,2026-04-10 19:08:55.814590+00:00,open-meteo,current,PL,Poland,PL,wind-onshore,Potegowo Wind Farm,54.5,17.459999084472656,3.0414998531341553,68.0,0.0,1010.1419677734375,,,,,,23.051246643066406,104.4703369140625,24.119998931884766
21,2026-04-10 19:00:00+00:00,2026-04-10,2026-04-10 19:08:55.814590+00:00,open-meteo,current,NL,Netherlands,NL,wind-offshore,Hollandse Kust Zuid,52.36600112915039,4.118000030517578,8.600000381469727,66.0,0.0,1017.5999755859375,,,,,,9.720000267028809,125.0,12.239999771118164
22,2026-04-10 19:00:00+00:00,2026-04-10,2026-04-10 19:08:55.814590+00:00,open-meteo,current,GR,Greece,GR,wind-onshore,Kafireas Wind Farm,38.0625,24.5,8.306499481201172,78.0,0.0,920.2406005859375,,,,,,11.212135314941406,47.602622985839844,15.480000495910645
